编号,分类,机制/机关,适用类型,运作规则,角色性能依赖,依赖能力或参数,玩家操作或协作要求,典型出处,设计分析,合并来源,原文参考链接,出处说明
LM-001,空间通行与门禁,普通门与自动门,跨类型；动作冒险；FPS；RPG,通过交互或接近开闭，分隔相邻空间。,无,基本交互；角色碰撞尺寸,确认门状态和通过时机,《半条命》；《生化危机》；《死亡空间》,开门速度、可见范围影响进入下一空间时的信息量；避免无意义的连续等待。,关卡机制2.md #1 普通门；关卡机制2.md #7 自动门；关卡机制1.md 开门/关门,,
LM-002,空间通行与门禁,钥匙与权限门,跨类型；动作冒险；FPS；RPG,持有钥匙、卡片或访问权限后开放对应通路。,条件依赖,任务道具或权限；非跳跃等运动性能,记住锁的位置并寻找对应凭证,《生化危机》；《毁灭战士》；《杀出重围》；《Prey》,锁与钥匙应有一致标识；回程最好带来新发现或捷径，降低重复跑图成本。,关卡机制2.md #2 锁门；关卡机制2.md #3 钥匙开门；关卡机制2.md #128 门禁权限；关卡机制1.md 开门/关门；关卡机制1.md 锁钥机制,,
LM-003,空间通行与门禁,多条件门锁,跨类型；动作冒险；FPS；RPG,收集多件物品或完成多个条件后解除封锁。,无,道具或机关状态,规划多个目标的完成顺序,《DOOM》；《Quake》,适合组织并行探索；应显示已完成条件，避免最后一个目标变成盲找。,关卡机制2.md #4 多把钥匙门,,原文彩色钥匙例子不能直接证明同一扇门需要多把钥匙；具体关卡待核实。
LM-004,空间通行与门禁,单向通路,跨类型；动作冒险；FPS；RPG,落差、单向门或通行规则允许前进，但阻止原路返回。,条件依赖,落差与跳跃高度；门的方向限制,进入前判断是否还能回头,《黑暗之魂》；《战神》；《Cultic》,用于收束流程或制造承诺成本；不可逆之前应给出可识别的提示。,关卡机制2.md #5 单向门；关卡机制1.md 单向门/单向阀；关卡机制1.md 单向门/捷径,,
LM-005,空间通行与门禁,反向解锁捷径,跨类型；动作冒险；FPS；RPG,先绕路到另一侧，再解锁门、梯子或电梯，缩短后续通行。,无,基本交互；前置路线可达,辨认回环与旧区域的联系,《黑暗之魂》；《恶魔城》,奖励来自路线成本的下降；解锁时应让玩家看懂它连接了哪里。,关卡机制1.md 捷径解锁；关卡机制1.md 单向门/捷径,,
LM-006,空间通行与门禁,可透视封锁,跨类型；动作冒险；FPS；RPG,栅栏或透明障碍允许观察目标，但暂时无法通过。,无,碰撞与可交互距离,从预览目标推断入口或开关位置,《鬼泣》；《黑暗之魂》,让目标先于路线出现；需明确能否隔栏射击、拾取或触发机关。,关卡机制2.md #6 铁栅栏,,
LM-007,空间通行与门禁,拉杆与远程开关,跨类型；动作冒险；FPS；RPG,触发控制器后改变远处的门、桥或其他机关状态。,无,基本交互；部分变体需远程触发,建立开关和受控对象的对应关系,《半条命》；《塞尔达传说》,用连线、声音或镜头建立因果；远距反馈不能让玩家丢失当前位置。,关卡机制2.md #8 拉杆开门；关卡机制2.md #9 远程开门；关卡机制1.md 开关与拉杆,,
LM-008,空间通行与门禁,定时门与延时复位门,跨类型；动作冒险；FPS；RPG,触发后短暂开放，时间耗尽便关闭或复位。,是,移动速度；加速；交互耗时；碰撞尺寸,规划路线并在窗口内通过,《Portal》；《超级马里奥》,时限须按实际路线测量；失败后应能快速重启，避免把练习变成长途折返。,关卡机制2.md #10 定时门；关卡机制2.md #11 自动关闭门,,原文《Halo》《DOOM》自动关门未给具体场景；仅沿用定时通行这一规则。
LM-009,空间通行与门禁,隐藏门与假墙,跨类型；动作冒险；FPS；RPG,可通行入口伪装成墙面，需观察、交互或攻击揭示。,条件依赖,部分假墙需攻击或特定探测工具,识别不一致线索并试探,《DOOM》；《黑暗之魂》,隐藏应有可学习的线索；缺少线索时容易演变为逐墙试错。,关卡机制2.md #12 隐藏门；关卡机制2.md #13 假墙；关卡机制2.md #263 隐藏房,,
LM-010,空间通行与门禁,可破坏墙与障碍,跨类型；动作冒险；FPS；RPG,使用对应攻击或工具破坏障碍，打开通路或隐藏空间。,是,炸弹、破墙武器或指定伤害类型,识别材质和有效工具,《塞尔达传说》；《密特罗德》；《彩虹六号：围攻》,外观需提示可破坏性及所需手段；破坏后要验证导航和路线是否仍成立。,关卡机制2.md #14 可破坏墙；关卡机制2.md #137 炸弹破墙；关卡机制2.md #165 弹药类型 Gate；关卡机制2.md #185 炸药墙；关卡机制2.md #208 可摧毁障碍,,原文弹药类型门未给具体关卡，合并为工具破障条件；不保留泛武器相克。
LM-011,空间通行与门禁,固定传送点与管道入口,跨类型；动作冒险；FPS；RPG,从入口转移到预设出口，连接远隔的关卡空间。,无,入口交互或进入条件,识别出口、方向和可否返回,《超级马里奥》；《瑞奇与叮当》,可压缩无效移动；传送前后的朝向和地标要帮助玩家重新定位。,关卡机制2.md #20 传送门；关卡机制2.md #23 管道；关卡机制1.md 传送门,,仅整理固定入口；《Portal》的可放置传送门另列。
LM-012,空间通行与门禁,快速旅行节点,跨类型；动作冒险；FPS；RPG,发现或解锁节点后，可在已开放节点间跳转。,无,节点解锁与使用条件,选择合适的出发和抵达节点,《黑暗之魂》；《死亡搁浅》,适合降低重复通行成本；节点密度会直接影响路线记忆与探索价值。,关卡机制2.md #21 快速旅行点,,
LM-013,空间通行与门禁,电梯、缆车与升降运输,跨类型；动作冒险；FPS；RPG,载具或平台按预设路线运输玩家，可在站点停靠。,无,上下客碰撞尺寸；呼叫和交互规则,呼叫、登乘并辨认目的地,《生化危机》；《质量效应》；《神秘海域》,运输过程可提供空间预览；需支持错过班次、回程和召回，防止困在站点。,关卡机制2.md #16 升降台；关卡机制2.md #22 电梯；关卡机制2.md #25 缆车,,升降台中需要跳跃接驳的变体归入移动平台。
LM-014,空间通行与门禁,姿态限制通道,跨类型；动作冒险；FPS；RPG,低洞或窄缝仅容特定姿态、体型或变形后的角色通过。,是,蹲伏、滑铲或球形态；角色碰撞尺寸,选择正确姿态并判断出口风险,《密特罗德》；《生化危机》；《泰坦陨落》,用断面尺寸明确能力门槛；需要排查镜头遮挡、卡碰撞和退出空间。,关卡机制2.md #34 滑铲；关卡机制2.md #43 狭窄通道；关卡机制2.md #44 单向狭缝,,
LM-015,空间通行与门禁,身份限制区域,跨类型；动作冒险；FPS；RPG,区域按服装或身份开放通行，特定岗位仍可能识破伪装。,条件依赖,伪装物品或身份状态,理解不同区域的许可范围,《杀手》,同一张地图产生多套可行路线；身份权限必须可读，避免惩罚不可预测。,关卡机制2.md #126 伪装；关卡机制2.md #127 身份 Gate,,保留区域准入规则；不把伪装能力本身单列。
LM-016,平台与能力通路,固定跳跃平台,平台跳跃；动作冒险；类银河恶魔城,利用平台的间距、高差和面积组织跳跃路径。,是,跳跃高度与距离；空中控制；碰撞尺寸,判断起跳点和落点,《超级马里奥》系列,平台尺寸要匹配角色实际运动包络；先验证可达性，再用落点大小调整容错。,关卡机制1.md 固定平台,,
LM-017,平台与能力通路,移动与升降平台,平台跳跃；动作冒险；类银河恶魔城,平台沿路径移动，玩家需要登乘、换乘或跳离。,是,跳跃距离；角色与平台速度叠加规则,预判平台位置和相位,《超级马里奥》；《Celeste》；《密特罗德》,难度取决于运动相位与落点窗口；应验证站在平台上及离开时的惯性。,关卡机制2.md #16 升降台；关卡机制2.md #17 移动平台；关卡机制1.md 移动平台,,
LM-018,平台与能力通路,坍塌平台与地板,平台跳跃；动作冒险；类银河恶魔城,踩踏或触发后失去支撑，迫使玩家继续移动或改变回程。,是,移动速度；起跳延迟；坍塌时间,快速选择后续落点,《Celeste》；《超级马里奥》；《古墓丽影》,坍塌预警必须覆盖必要反应时间；重置与不可逆版本应有明确区别。,关卡机制2.md #15 地板坍塌；关卡机制1.md 坍塌平台,,
LM-019,平台与能力通路,单向穿透平台,平台跳跃；动作冒险；类银河恶魔城,允许从下方穿过并在上表面落脚；下穿是否允许由规则决定。,是,跳跃高度；下穿输入；碰撞规则,在上下层之间切换,《超级马里奥》,可降低竖向通路拥堵；不能把上穿平台误作水平单向门，两者路线作用不同。,关卡机制2.md #18 单向平台,,修正原文对单向平台通行方向的不准确说明。
LM-020,平台与能力通路,弹跳平台与弹簧,平台跳跃；动作冒险；类银河恶魔城,接触装置后获得额外速度，进入常规跳跃不能到达的路线。,是,弹射速度；空中控制；落地规则,调整接触方向与落点,《索尼克》；《超级马里奥》,装置提供位移能力，但仍需匹配角色控制参数；落点预览能减少盲跳。,关卡机制2.md #19 弹跳平台；关卡机制1.md 弹力平台,,
LM-021,平台与能力通路,旋转平台,平台跳跃；动作冒险；类银河恶魔城,平台围绕轴心旋转，落脚面和离开方向持续变化。,是,跳跃能力；附着或摩擦规则,选择站位和离开时机,《超级马里奥银河》,角速度、半径和镜头共同决定难度；应避免旋转造成无法读图的遮挡。,关卡机制1.md 旋转平台,,
LM-022,平台与能力通路,伸缩平台,平台跳跃；动作冒险；类银河恶魔城,落脚面按周期伸出、缩回或短暂出现。,是,移动速度；跳跃距离,识别周期并连续换位,《Celeste》；《空洞骑士》,应让安全窗口可观察；多平台组合要检查相位，避免随机起步进入必死序列。,关卡机制1.md 伸缩平台,,原文仅给系列名，具体伸缩平台场景待核实。
LM-023,平台与能力通路,高台与远距能力门槛,平台跳跃；动作冒险；类银河恶魔城,高差或断层超出基础跳跃范围，获得二段跳或冲刺后可通过。,是,二段跳高度；空中冲刺距离；能力次数,判断能力是否足够并衔接动作,《空洞骑士》,以明确的空间尺寸表达门槛；需区分能力未解锁与操作失败，避免误导反复尝试。,关卡机制2.md #26 二段跳；关卡机制2.md #27 空中冲刺；关卡机制2.md #139 二段跳；关卡机制2.md #140 冲刺,,删除原文《Hades》《Dead Cells》作为空中冲刺的模糊例子，保留《空洞骑士》。
LM-024,平台与能力通路,墙跳竖井,平台跳跃；动作冒险；类银河恶魔城,通过相对墙面的连续墙跳逐步抬升高度。,是,墙跳反弹距离；抓墙判定；空中控制,切换方向并控制跳跃节奏,《Celeste》；《密特罗德》,墙间距决定动作节奏；镜头应提前露出上方落点及危险物。,关卡机制2.md #28 墙跳,,
LM-025,平台与能力通路,攀爬面与抓点路线,平台跳跃；动作冒险；类银河恶魔城,只有特定墙面或抓点可攀爬，路径可受体力限制。,是,攀爬速度；体力；抓取距离,规划抓点和休息位置,《Celeste》；《刺客信条》；《神秘海域》,可攀与不可攀表面需区分；体力路线应提供判断下一休息点的机会。,关卡机制2.md #29 爬墙；关卡机制1.md 墙壁/攀爬面,,
LM-026,平台与能力通路,墙跑通路,平台跳跃；动作冒险；类银河恶魔城,连续墙面提供临时支撑，使玩家跨越缺口或危险地带。,是,墙跑速度与时长；入墙角；跳离距离,保持速度并衔接下一表面,《泰坦陨落2》；《镜之边缘》,墙长与转角必须支持实际动作链；需给中断后的恢复落点。,关卡机制2.md #30 墙跑,,
LM-027,平台与能力通路,钩锁锚点与裂隙拉拽,平台跳跃；动作冒险；类银河恶魔城,预设锚点允许远距拉近角色，组成跨越或高低层通路。,是,钩锁距离；视线要求；有效角度,选择锚点并衔接移动,《只狼》；《正当防卫》；《瑞奇与叮当：时空跳转》,锚点既是路线也是方向提示；要验证锁定、遮挡和抵达点不会导致误落。,关卡机制2.md #31 钩锁；关卡机制2.md #141 钩锁；关卡机制2.md #149 Far Reach；关卡机制2.md #156 时空裂隙,https://www.playstation.com/en-sg/editorial/how-ps5-helped-make-ratchet-and-clank-rift-apart-possible/,原文 Far Reach 为角色能力，此处只提取锚点通路；例子沿用原文相关作品。
LM-028,平台与能力通路,摆荡锚点与动量缺口,平台跳跃；动作冒险；类银河恶魔城,利用绳索或钩点摆荡蓄速，在合适时机释放以跨越缺口。,是,绳长；摆速；动量保留；空中控制,控制摆幅和释放时机,《漫威蜘蛛侠》；《生化尖兵》；《正当防卫》,缺口应按可获得的动量布置；只看直线距离无法判断可达性。,关卡机制2.md #32 摆荡；关卡机制2.md #45 钩锁摇摆,,原文钩锁摇摆链接的作品名与正文不一致，该链接不作为本条证据。
LM-029,平台与能力通路,滑翔起点与落点链,平台跳跃；动作冒险；类银河恶魔城,高处为滑翔提供高度，低处平台或风场构成后续路线。,是,滑翔下降率；水平速度；体力；展开条件,估算航程并选择安全落点,《孤岛惊魂》；《塞尔达传说》,起点高度等于路线预算；远景需要让玩家读出可落区域。,关卡机制2.md #33 翼装滑翔,,区分翼装与滑翔伞，两者参数不能直接通用。
LM-030,平台与能力通路,滑轨与轨道换乘,平台跳跃；动作冒险；类银河恶魔城,进入轨道后沿限定方向高速运动，在节点跳离或换轨。,是,滑轨速度；跳离距离；换轨判定,预判分支和障碍时机,《索尼克》；《瑞奇与叮当》,视距必须随速度增长；分支入口要在玩家能作决定时出现。,关卡机制2.md #24 滑轨,,
LM-031,平台与能力通路,坡面动量通路,平台跳跃；动作冒险；类银河恶魔城,坡度改变速度，后续缺口或弯道要求保留或消耗这段动量。,是,加速度；摩擦；速度上限；制动距离,选择助跑路线和减速时机,《索尼克》；《镜之边缘》,让速度来源和用途在空间上相连；应检查低速进入时是否有补救路线。,关卡机制2.md #39 坡面加速,,
LM-032,平台与能力通路,蓄速跑道与速度破障,平台跳跃；动作冒险；类银河恶魔城,连续助跑获得高速状态，再穿越速度门或破坏指定障碍。,是,Speed Booster等能力；加速距离；转向与蓄能规则,保持速度并完成路线衔接,《密特罗德：生存恐惧》,跑道长度、转角和蓄能时限共同约束解法；不能只把障碍看成另一种钥匙门。,关卡机制2.md #46 速度蓄力；关卡机制2.md #138 冲刺破墙；关卡机制2.md #148 Speed Booster,https://metroid.nintendo.com/dread/samus/,
LM-033,平台与能力通路,磁力附着轨道,平台跳跃；动作冒险；类银河恶魔城,角色以特定形态附着磁轨，沿墙面或顶面移动。,是,Spider Ball等能力；轨道附着与脱离规则,沿轨道寻找切换与退出位置,《密特罗德Prime》,新增可通行表面应有一致材质；复杂转面要保证镜头可读。,关卡机制2.md #47 磁力轨道；关卡机制2.md #144 磁力,https://csassets.nintendo.com/noaext/image/private/t_KA_PDF/GCN_Metroid_Prime?_a=DATC1RAAZAA0,
LM-034,平台与能力通路,炸弹跳竖向通路,平台跳跃；动作冒险；类银河恶魔城,狭小空间利用炸弹冲量抬升球形角色，通过普通跳跃不可用的路段。,是,球形态；炸弹；爆炸延迟与冲量,安排爆炸节奏和角色位置,《密特罗德Prime》,明确区分常规可达与高技巧路线；失败后要能回到可重复尝试的位置。,关卡机制2.md #147 炸弹跳,,
LM-035,平台与能力通路,瞬移可达平台,平台跳跃；动作冒险；类银河恶魔城,通过视线内的瞬移跨越缺口或绕过地面威胁。,是,瞬移距离；合法落点；资源消耗,观察落点与下一段路线,《耻辱》,几何摆放要兼顾普通路线和瞬移路线；需排查隔墙落点与非预期跳关。,关卡机制2.md #150 Blink,,
LM-036,平台与能力通路,水面与水下通道,平台跳跃；动作冒险；类银河恶魔城,进入水域后切换移动方式，深水部分形成独立通路。,是,游泳、潜水能力；水下速度；呼吸或装备限制,控制深度并寻找上岸点,《超级马里奥》；《密特罗德》；《古墓丽影》；《地平线》,水上水下的入口应互相提示；长水道需把返程和换气成本算入距离。,关卡机制2.md #36 游泳；关卡机制2.md #37 潜水；关卡机制2.md #146 水下装备,,
LM-037,环境状态与物理,低摩擦冰面,动作冒险；解谜；生存；沙盒,降低制动和转向能力，或使角色持续滑到障碍处。,是,摩擦；加减速度；转向规则,提前制动或规划滑行终点,《超级马里奥》；《塞尔达传说》；《精灵宝可梦》,自由滑行与格点滑行是两种变体；需用清楚的边界支持玩家预测终点。,关卡机制2.md #40 冰面；关卡机制1.md 冰面/打滑地面,,
LM-038,环境状态与物理,减速与下陷地面,动作冒险；解谜；生存；沙盒,泥地、沙地等提高通过成本，部分区域停留过久会下陷。,是,移动速度；脱困能力；负重影响,平衡直线路径与稳定路面,《超级马里奥》；《死亡搁浅》,困难应来自可判断的路面代价；不要仅用无提示减速延长移动时间。,关卡机制2.md #41 泥地；关卡机制2.md #42 沙地,,原文未区分普通沙地与流沙，整理时按实际地面规则选择变体。
LM-039,环境状态与物理,传送带,动作冒险；解谜；生存；沙盒,地表持续给角色或物体施加方向速度。,是,移动速度；传送带速度；速度叠加规则,抵消位移或利用顺向加速,《索尼克》；《超级马里奥》,逆向通过能力取决于相对速度；还可与搬运、陷阱相组合。,关卡机制1.md 传送带,,
LM-040,环境状态与物理,可燃物与火势传播,动作冒险；解谜；生存；沙盒,火源点燃可燃物，传播后清除障碍或扩大危险区域。,条件依赖,点火工具或场景火源；可燃材质规则,判断传播路径及撤退空间,《孤岛惊魂2》；《Minecraft》,传播结果应可预测；同时验证任务物件和必经路线不会被永久破坏。,关卡机制2.md #49 火焰传播；关卡机制2.md #50 可燃物,,
LM-041,环境状态与物理,灭火与冰雪融化,动作冒险；解谜；生存；沙盒,通过水或热源改变燃烧、冻结状态，恢复通路或释放物件。,条件依赖,水源、火源或对应元素工具,寻找作用对象并观察状态变化,《塞尔达传说》,适合把元素认知转成空间结果；同材质应遵循一致规则。,关卡机制2.md #51 灭火；关卡机制2.md #57 融化,,原文《Alan Wake》灭火例子不明确，未采用。
LM-042,环境状态与物理,水位升降,动作冒险；解谜；生存；沙盒,控制水位，使平台、入口或浮动物体的可达性改变。,条件依赖,操作机关；部分路径需游泳或潜水,对比不同水位下的路线,《超级马里奥》；《塞尔达传说》,水位变化要有清晰参照物；排查升降后钥匙、物体或玩家被困的状态。,关卡机制2.md #52 水位升降,,
LM-043,环境状态与物理,水流推动与导流,动作冒险；解谜；生存；沙盒,水流推动角色或物体，可通过改变流向组织路线和运输。,条件依赖,水流与游速；阻挡和浮动规则,利用顺流并寻找逆流替代路线,《塞尔达传说》；《Minecraft》,同一水流可兼作动力和阻碍；必须留意物体被冲出可取回范围。,关卡机制2.md #53 水流推动；关卡机制2.md #216 水流,,
LM-044,环境状态与物理,导电介质与电路接通,动作冒险；解谜；生存；沙盒,水、金属或导体连接电源与目标，触发装置或危险区。,条件依赖,电源或电属性工具；材料导电规则,连接、隔离并判断电流影响范围,《塞尔达传说》；《BioShock》,需要区分解谜电路和伤害水域；用可见反馈说明通电范围。,关卡机制2.md #54 导电；关卡机制1.md 元素激活,,
LM-045,环境状态与物理,冻结水面与造冰通路,动作冒险；解谜；生存；沙盒,将液态表面或水体局部冻结，生成可站立的路线。,是,冰冻能力或道具；作用范围与持续时间,安排冰面生成位置和通过顺序,《超级马里奥银河》,生成平台的尺寸应匹配落脚判定；融化时限要允许观察下一步。,关卡机制2.md #56 冰冻,,
LM-046,环境状态与物理,风场与上升气流,动作冒险；解谜；生存；沙盒,持续或周期气流改变角色运动，提供升力或横向干扰。,条件依赖,空中控制；滑翔能力；风力与作用范围,判断顺逆风并修正落点,《超级马里奥》；《塞尔达传说》,风向和强度需要可视提示；叠加跳跃时要验证最终轨迹而非各自参数。,关卡机制2.md #58 风场,,
LM-047,环境状态与物理,爆炸物与连锁爆炸,动作冒险；解谜；生存；沙盒,引爆场景物件后伤害邻近目标，也可能连带破坏其他结构。,条件依赖,射击、点火或场景触发器；爆炸范围,选择引爆时机并保持安全距离,《DOOM》；《半条命》；《孤岛惊魂》；《合金弹头》,摆位应提供可理解的收益；连爆可用来开路，但需避免必经点无预警秒杀。,关卡机制2.md #59 爆炸传播；关卡机制2.md #120 可射爆环境；关卡机制2.md #184 爆炸桶；关卡机制1.md 爆炸物/滚筒,,
LM-048,环境状态与物理,可破坏建筑与桥梁,动作冒险；解谜；生存；沙盒,承重结构被破坏后坍塌，改变通路、视线或两侧连通。,条件依赖,破坏工具；结构强度；脚本触发条件,判断结构变化及备用路线,《战地》；《彩虹六号：围攻》；《使命召唤》,破坏要真正改变空间选择；需处理残骸碰撞、回程以及目标仍可达的问题。,关卡机制2.md #60 可破坏结构；关卡机制2.md #186 爆炸桥,,
LM-049,环境状态与物理,断电设施与电源分配,动作冒险；解谜；生存；沙盒,找回电源、插入电池或切换供电，启停电梯、门等设施。,条件依赖,可携带电源；交互或搬运能力,在多个用电对象之间分配电源,《死亡空间》,同时只能供电的设备可形成取舍；拔电后仍应允许玩家取回关键物件。,关卡机制2.md #61 电梯断电；关卡机制2.md #162 电池,,
LM-050,环境状态与物理,毒气与有害水域,动作冒险；解谜；生存；沙盒,区域持续伤害或限制停留，可用防护、排除污染或绕路应对。,条件依赖,防护装备；耐受时间；移动速度,估算通过时间和撤退余量,《生化危机》；《BioShock》；《古墓丽影》,软边界要让玩家读懂累积代价；防护是否必要应与实际伤害模型一致。,关卡机制2.md #62 气体/毒气；关卡机制2.md #63 有毒水域,,
LM-051,环境状态与物理,熔岩与致命液体,动作冒险；解谜；生存；沙盒,特定液面接触即造成高额伤害、弹回或死亡。,条件依赖,跳跃和位移；伤害或即死规则,寻找安全落点并避免坠落,《超级马里奥》；《黑暗之魂》；《Portal 2》；《Minecraft》,危险外观需统一；区分可付代价穿越与绝对不可进入，避免错误路线预期。,关卡机制2.md #64 熔岩；关卡机制2.md #65 酸液；关卡机制2.md #217 岩浆,,将原文《Portal 2》酸液改为致命液体，避免未经确认的材质判断。
LM-052,环境状态与物理,高温与低温区域,动作冒险；解谜；生存；沙盒,局部温度持续消耗生存资源，防护或休息点使路线可行。,条件依赖,耐热或保暖装备；耐受时长；移动速度,选择补给、避难和穿越路线,《密特罗德》；《死亡搁浅》；《深海迷航》,温度压力应有可预估范围；防护能力最好改变可达性而非只减缓扣血。,关卡机制2.md #67 低温区域；关卡机制2.md #145 热防护；关卡机制2.md #221 温度区域,,
LM-053,环境状态与物理,雨雪与低能见度天气,动作冒险；解谜；生存；沙盒,天气改变可见范围、路面或设备损耗，影响原有路线价值。,条件依赖,抓地与移动性能；载具或防护条件,据天气重新选择路线和停留时机,《死亡搁浅》；《荒野大镖客：救赎2》,只有实际改变行动或风险时才作为机制；单纯气氛效果不单列。,关卡机制2.md #68 暴雨/天气；关卡机制2.md #69 沙尘暴；关卡机制2.md #224 天气,,原文沙尘暴仅有笼统示例，合并为低能见度天气；具体沙尘暴场景待核实。
LM-054,环境状态与物理,黑暗与照明区域,动作冒险；解谜；生存；沙盒,可见空间受照明限制，光源决定能发现的路线和危险。,条件依赖,照明工具；照明距离；可选电量限制,搜索光源并管理暴露与视野,《Alan Wake》；《Amnesia》；《逃生》；《寂静岭》,黑暗需仍能支持基本导航；电量限制只有影响探索路线时才纳入本条。,关卡机制2.md #70 黑暗；关卡机制2.md #227 黑暗；关卡机制2.md #228 手电电量；关卡机制1.md 黑暗/视野限制,,
LM-055,环境状态与物理,表面凝胶,动作冒险；解谜；生存；沙盒,涂覆不同凝胶后，表面获得弹跳、加速或可放置传送门等属性。,条件依赖,跳跃与速度控制；传送门工具；凝胶供给,安排涂覆位置和运动路线,《Portal 2》,把材料属性和几何解法绑定；不同凝胶需要明显区分并支持重置错误涂覆。,关卡机制2.md #82 凝胶表面,,
LM-056,环境状态与物理,重力翻转与重力方向区,动作冒险；解谜；生存；沙盒,触发装置或进入区域后改变重力方向，使墙或顶面成为落脚面。,条件依赖,重力切换条件；空中控制；落地规则,重新判断上下与着陆面,《超级马里奥银河》,方向变化需要过渡提示；镜头旋转、惯性与控制映射必须一起校验。,关卡机制2.md #48 反重力；关卡机制2.md #89 重力切换,,原文《Portal》《Prey》反重力说法混杂；仅保留有明确方向变化的《超级马里奥银河》示例。
LM-057,环境状态与物理,昼夜危险切换,动作冒险；解谜；生存；沙盒,时间改变区域中的危险或通路条件，使同一路线具有不同成本。,条件依赖,夜间照明或防护；区域危险规则,选择出发、等待或避难时机,《Minecraft》,昼夜应改变明确的空间决策；保留关卡层面的变化，不单列敌人生物钟。,关卡机制2.md #223 夜晚,,
LM-058,谜题与信息机关,压力板与重物压板,解谜；动作冒险；平台解谜,角色或物体占据感应区域时持续输出机关状态。,条件依赖,对象质量或类型；搬运规则；碰撞尺寸,寻找替代压板物并规划离开方式,《Portal》；《塞尔达传说》；《原神》,应明确检测重量、数量还是占用；不要把所有压板都默认解释为体重检测。,关卡机制2.md #71 压力板；关卡机制2.md #72 重物压板；关卡机制2.md #80 方块重量；关卡机制1.md 压感装置,,
LM-059,谜题与信息机关,多点同时触发,解谜；动作冒险；平台解谜,多个感应点同时满足条件才打开通路。,条件依赖,物体数量与搬运能力；可由多人替代,分配重物或角色并保持触发状态,《塞尔达传说》；《双人成行》,重点是有限对象的空间分配；多人版本另见合作机关。,关卡机制2.md #73 多压力板同时激活；关卡机制1.md 压感装置,,
LM-060,谜题与信息机关,顺序与组合输入,解谜；动作冒险；平台解谜,按特定顺序、方向或组合操作装置后改变机关状态。,无,基础交互；机关状态记忆,读取线索并推导输入顺序,《生化危机》,线索应支持推理；失败反馈需帮助定位错误，避免大量盲试。,关卡机制2.md #74 拉杆组合；关卡机制2.md #95 顺序输入,,
LM-061,谜题与信息机关,全局开关与双色状态块,解谜；动作冒险；平台解谜,一次切换使多处平台、门或障碍在两种状态间互换。,条件依赖,切换输入；动态版本需跳跃与移动性能,预测切换后脚下及前方空间,《超级马里奥制造》,同一开关会影响多处空间，必须显示影响范围并防止不可恢复死锁。,关卡机制2.md #75 ON/OFF切换,,
LM-062,谜题与信息机关,光线反射与反射盾机关,解谜；动作冒险；平台解谜,调整反射面或持盾朝向，使光束到达接收装置。,条件依赖,可旋转反射器；部分版本需反射盾,观察入射方向并调整角度,《Portal 2》；《塞尔达传说》,谜题难点应在几何关系；过细角度判定容易把推理变成瞄准摩擦。,关卡机制2.md #76 光线反射；关卡机制2.md #143 盾牌反射,,原文《Portal》未区分作品版本，反射激光例子按《Portal 2》整理。
LM-063,谜题与信息机关,光线分流与多接收器,解谜；动作冒险；平台解谜,用分光或转接对象把一条光路分配给多个目标。,条件依赖,分光元件与旋转规则,安排光路覆盖和共享节点,《塞尔达传说》；《Tunic》,共享光路会增加耦合；应清楚显示各接收器的激活状态。,关卡机制2.md #77 光线分流,,原文未给具体分光装置或场景；游戏对应待核实。
LM-064,谜题与信息机关,光束遮挡与激光挡板,解谜；动作冒险；平台解谜,用物体截断或放行光束，改变接收器状态或安全通路。,条件依赖,搬运或操纵物体的能力,权衡挡光和其他机关状态,《Portal 2》,同一物体可兼顾压板和挡光，但状态冲突必须有可观察的反馈。,关卡机制2.md #78 激光挡板,,
LM-065,谜题与信息机关,物体搬运与远距操纵,解谜；动作冒险；平台解谜,搬动方块或场景物件，搭路、压板或改变障碍布局。,条件依赖,搬运、牵引或重力枪；物体质量和抓取距离,选择物件和摆放位置,《Portal》；《塞尔达传说》；《半条命2》,物体要能被可靠放置和取回；自由物理带来的丢失、翻转和卡位须有恢复办法。,关卡机制2.md #79 方块搬运；关卡机制2.md #153 重力枪,,保留物件与关卡的作用；不把重力枪本身作为独立机关。
LM-066,谜题与信息机关,动量与传送门弹射,解谜；动作冒险；平台解谜,利用高度差获得速度，经传送门改变运动方向以抵达目标。,是,传送门工具；速度保留；空中控制,选择入口高度、出口方向和落点,《Portal》；《Portal 2》,需要同时呈现空间连接与速度来源；可用安全落点逐步教会动量规则。,关卡机制2.md #20 传送门；关卡机制2.md #81 动量解谜；关卡机制2.md #155 传送能力；关卡机制1.md 传送门,,
LM-067,谜题与信息机关,可放置传送门表面,解谜；动作冒险；平台解谜,限定材质可创建相互连接的入口，重组人员或物件通路。,是,传送门工具；射程与视线；可放置表面,寻找配对表面并理解出口朝向,《Portal》系列,表面白名单决定谜题边界；需检查玩家能否隔空开门绕过必要流程。,关卡机制2.md #20 传送门；关卡机制2.md #155 传送能力；关卡机制1.md 传送门,,
LM-068,谜题与信息机关,局部时间暂停与减速,解谜；动作冒险；平台解谜,改变场景对象的时间速度，使运动机关出现可通行窗口。,是,时间操纵能力或机关；持续时间与作用范围,协调自身移动和环境时序,《Braid》；《耻辱》,应明确哪些对象受影响；如果只作用于战斗敌人，则不属于本表范围。,关卡机制2.md #83 时间暂停；关卡机制2.md #85 时间快进/慢放；关卡机制2.md #151 时间停止,,原文《SUPERHOT》及《马里奥银河2》的描述不足以证明所有时间操纵变体，具体实例待核实。
LM-069,谜题与信息机关,时间回溯对象谜题,解谜；动作冒险；平台解谜,回退关卡中对象或角色状态，并利用回溯例外重新组合结果。,是,回溯能力；对象是否随时间回退,比较前后状态并组织操作顺序,《Braid》,能否回溯应保持一致；例外对象需明显标识，让失败成为可利用的信息。,关卡机制2.md #84 时间回溯,,
LM-070,谜题与信息机关,平行空间与世界状态切换,解谜；动作冒险；平台解谜,同一位置对应不同结构，通过切换世界绕过障碍或获取线索。,条件依赖,切换装置或能力；可切换区域,建立两套空间的对应关系,《寂静岭》；《瑞奇与叮当：时空跳转》,玩家需要辨认哪些结构保持不变；切换后落脚安全与返回条件应可预测。,关卡机制2.md #86 镜像空间；关卡机制2.md #87 平行世界切换,,镜像、异世界与维度切换并非同一实现；按对应空间状态整理。
LM-071,谜题与信息机关,视角旋转与投影通路,解谜；动作冒险；平台解谜,改变视角后，原本分离的结构在游戏规则下变为可连接路径。,无,视角或场景旋转输入,比较多个投影下的空间关系,《FEZ》；《纪念碑谷》,必须明确视觉对齐何时影响实际通行；保持少量稳定参照物帮助定位。,关卡机制2.md #88 空间旋转；关卡机制1.md 视错觉,,
LM-072,谜题与信息机关,推箱与格点占位,解谜；动作冒险；平台解谜,推动箱子到目标格，箱子会阻挡后续通路并限制移动。,无,推拉规则；格点占用,预判箱子最终位置和可回退性,《推箱子》；《塞尔达传说》,难点来自空间约束与不可逆操作；撤销或重置能减少非思考性返工。,关卡机制2.md #90 推箱；关卡机制1.md 推箱子,,
LM-073,谜题与信息机关,颜色、图案与符号匹配,解谜；动作冒险；平台解谜,按环境提供的符号关系匹配对象或设置机关。,无,基本交互；图案辨识支持,归纳匹配规则并执行,《见证者》；《生化危机》,颜色最好有形状等辅助编码；规则应从场景线索获得，而非任意猜测。,关卡机制2.md #91 颜色匹配；关卡机制2.md #92 图案匹配,,原文《Portal 2》颜色匹配例子不具体，未采用。
LM-074,谜题与信息机关,声音与音序机关,解谜；动作冒险；平台解谜,通过声音方向、音高或音序找到目标并完成输入。,条件依赖,聆听或演奏交互；无需运动能力,辨音、定位或记忆音序,《塞尔达传说》,声音反馈要避免与环境噪声混淆；可提供等价视觉提示以支持无声游玩。,关卡机制2.md #93 声音机关,,
LM-075,谜题与信息机关,节奏同步机关,解谜；动作冒险；平台解谜,平台、障碍或输入判定随节拍周期变化。,是,动作启动时间；跳跃或交互响应,识别节拍并在窗口内行动,《Hi-Fi Rush》,应同时提供声音和视觉节拍；宽松教学窗口再逐渐叠加移动要求。,关卡机制2.md #94 节奏机关,,
LM-076,谜题与信息机关,观察、密码与环境线索,解谜；动作冒险；平台解谜,从场景细节获得密码或操作规则，再作用于具体装置。,无,基本观察和交互,搜集证据并解释线索,《见证者》；《生化危机》；密室逃脱类,线索和谜题要建立可解释联系；跨房间记忆过多时需要记录或回看支持。,关卡机制2.md #96 观察答案；关卡机制2.md #97 环境线索；关卡机制1.md 密码/线索推理,,
LM-077,谜题与信息机关,知识门槛通路,解谜；动作冒险；平台解谜,路线一直存在，但玩家理解环境规律后才知道如何进入或通过。,条件依赖,具体通路可能有基础移动要求；关键门槛为知识,观察周期、验证假设并迁移规律,《星际拓荒》,教学应让玩家亲自发现规律；复玩能跳过学习过程是此类机制的自然结果。,关卡机制2.md #97 环境线索,,
LM-078,谜题与信息机关,机关联锁与状态依赖,解谜；动作冒险；平台解谜,多个装置的输出成为其他装置的输入，逐步达成最终通行条件。,条件依赖,组成机关各自的能力要求,追踪依赖关系并安排先后顺序,《Portal 2》,复杂度来自相互制约而非单纯增加开关数量；需可追踪、可复位。,关卡机制2.md #98 机关联锁,,
LM-079,谜题与信息机关,杠杆、浮力与物理平衡,解谜；动作冒险；平台解谜,改变重量、支点、浮力或绳索状态，移动目标或形成通路。,条件依赖,物件操纵方式；质量、冲量与浮力规则,预测物理结果并调整布局,《割绳子》；《愤怒的小鸟》；《塞尔达传说》,保留直观反馈并压低随机误差；题目应考规则理解，而非反复赌物理结果。,关卡机制1.md 物理规则谜题,,
LM-080,谜题与信息机关,元素激活装置,解谜；动作冒险；平台解谜,以指定元素作用于可识别的机关，切换装置或开放通路。,是,火、雷等元素能力或可用场景元素源,识别元素标记并选择对应手段,《原神》,需明确限定角色能力还是允许借用环境；多解成立时应保持规则一致。,关卡机制1.md 元素激活,,
LM-081,陷阱与动态危险区,尖刺与接触伤害面,动作；平台跳跃；冒险；恐怖,触碰指定表面受到伤害或死亡，限制可站立范围。,是,碰撞尺寸；跳跃、冲刺与受伤规则,判断安全间距和落点,《Celeste》；《空洞骑士》,危险视觉应贴合实际碰撞；窄缝不能只按角色美术轮廓估算。,关卡机制1.md 尖刺陷阱,,原文仅称多数平台游戏；此处例子为两文中已列出的平台作品，具体场景未外部核验。
LM-082,陷阱与动态危险区,周期喷火与电流区,动作；平台跳跃；冒险；恐怖,危险按周期启停，停机间隔形成通过窗口。,是,移动速度；起跳或躲避耗时,观察完整周期后穿越,《恶魔城》；《死亡空间》,给出启停预警，并按最慢合法移动方式检查窗口；多区域相位不能形成无解夹击。,关卡机制2.md #55 电流禁区；关卡机制1.md 喷射火焰,,
LM-083,陷阱与动态危险区,落石与压砸机关,动作；平台跳跃；冒险；恐怖,触发后重物落下或压合，威胁指定范围。,是,移动速度；反应前摇；角色碰撞,读懂预警并离开落点,《古墓丽影》；《印第安纳琼斯》,影子、声音或震动应先于命中；初次出现需要可反应，而非必须背板。,关卡机制1.md 落石/砸扁,,原文《印第安纳琼斯》未指定作品版本。
LM-084,陷阱与动态危险区,摆锤与摆刀,动作；平台跳跃；冒险；恐怖,伤害物沿固定弧线摆动，周期性封锁通道。,是,通行速度；碰撞尺寸；摆动周期,判断摆幅并选择穿过时机,《恶魔城》；《黑暗之魂》,安全站位和扫掠边界要清晰；多摆锤组合需要检查连续通过的节奏。,关卡机制1.md 钟摆/摆动陷阱,,
LM-085,陷阱与动态危险区,旋转刀刃与移动锯轮,动作；平台跳跃；冒险；恐怖,伤害区域持续旋转或沿轨道移动，压缩可用落脚空间。,是,跳跃轨迹；移动速度；伤害碰撞,预测扫掠范围并调整路线,《空洞骑士》；《铲子骑士》,需要同时检查轨迹和相位；快速物体应避免因画面采样而难以判断。,关卡机制1.md 旋转刀刃/齿轮,,
LM-086,陷阱与动态危险区,伤害激光与扫描射线,动作；平台跳跃；冒险；恐怖,光束固定、脉冲或扫掠，触碰时造成伤害。,是,角色碰撞尺寸；躲避和跳跃能力,判断扫描方向与间隙,《洛克人》；《死亡细胞》,伤害判定应与可见光束一致；区分伤害激光、解谜光束和报警线。,关卡机制1.md 激光/射线,,
LM-087,陷阱与动态危险区,悬崖与坠落区,动作；平台跳跃；冒险；恐怖,缺少支撑的边缘产生坠落风险，并可影响敌我站位。,是,移动惯性；跳跃；击退与坠落规则,保持边缘距离并规划回避方向,《黑暗之魂》；《艾尔登法环》,边缘风险来自场地；不把角色击退技能单列为机制，需检查镜头能否看清落差。,关卡机制2.md #101 悬崖；关卡机制2.md #274 一击即死区；关卡机制2.md #275 即死坠落,,
LM-088,陷阱与动态危险区,周期性安全区,动作；平台跳跃；冒险；恐怖,环境危险轮换覆盖场地，玩家需在不同安全区域间转移。,是,移动速度；危险预警时间；区域间距,识别下一安全点并及时迁移,原文仅称Boss类游戏，未给具体作品,关注安全点的可达性和迁移时间；若危险仅是敌人普通招式，则不归入本条。,关卡机制2.md #276 周期性安全区,,出处不足，具体游戏与场景待核实。
LM-089,陷阱与动态危险区,追逐与逃生路线,动作；平台跳跃；冒险；恐怖,触发追击后沿路线逃生，途中通过门、障碍和临时安全点。,是,奔跑速度；耐力；翻越和交互耗时,快速读路并连续完成通行操作,《逃生》；《生化危机》,路线提示必须适配高速视野；威胁距离应给必要的开门、转向和纠错时间。,关卡机制2.md #230 追逐；关卡机制1.md 追逐战,,
LM-090,战斗空间与遭遇规则,高低差与多层战场,动作；FPS；TPS；战术射击,不同高度的可站立区域改变视线、进攻角和转移路线。,条件依赖,攀爬或跳跃；攻击射程；垂直瞄准范围,判断上下层威胁并选择转移点,《只狼》；《守望先锋》；《Apex Legends》,高度优势需要有暴露、入口或距离代价；各层应有可理解的连接关系。,关卡机制2.md #99 高低差；关卡机制2.md #100 战斗平台；关卡机制2.md #108 多层战斗场；关卡机制2.md #182 跳跃射击平台；关卡机制1.md 高低差地形,,
LM-091,战斗空间与遭遇规则,掩体与半掩体,动作；FPS；TPS；战术射击,实体障碍遮挡部分火力，姿态或位置变化决定暴露范围。,条件依赖,站蹲高度；贴靠规则；弹道与穿透,选择掩护角度和探身时机,《战争机器》；《神秘海域》；《最后生还者》,掩体必须按实际射线和角色姿态校验；美术高度不能代替命中测试。,关卡机制2.md #102 掩体；关卡机制2.md #103 半掩体；关卡机制1.md 掩体系统,,
LM-092,战斗空间与遭遇规则,可破坏掩体,动作；FPS；TPS；战术射击,承受伤害后遮挡能力下降或消失，迫使双方重新选位。,条件依赖,武器破坏能力；掩体耐久；穿透规则,判断掩体寿命并保留转移路线,《战地》；《彩虹六号：围攻》,破坏阶段应有反馈；避免唯一安全掩体消失后出现不可应对的火力覆盖。,关卡机制2.md #104 可破坏掩体；关卡机制1.md 可破坏掩体,,
LM-093,战斗空间与遭遇规则,狭口、坡口与瓶颈,动作；FPS；TPS；战术射击,通道断面限制同时通过或展开的数量，收束交战方向。,条件依赖,角色或单位尺寸；射程；拥堵规则,选择卡口、绕行或突破时机,《DOOM》；《星际争霸》,瓶颈应有明确用途；过少侧路会形成单一堵门解法。,关卡机制2.md #105 狭窄 choke point；关卡机制2.md #196 坡道；关卡机制2.md #197 Choke Point；关卡机制2.md #205 狭路,,
LM-094,战斗空间与遭遇规则,开阔场地与环绕路线,动作；FPS；TPS；战术射击,开放区域或围绕中心的通路提供横移、绕行和连续移动空间。,是,移动与闪避距离；攻击覆盖范围,维持间距并调整绕行方向,《怪物猎人》；《黑暗之魂》,保留场地结构，不纳入Boss招式；尺寸需按实际攻击范围和角色机动性校验。,关卡机制2.md #106 开阔战斗场；关卡机制2.md #107 环形战斗场,,
LM-095,战斗空间与遭遇规则,掩体链与撤退通路,动作；FPS；TPS；战术射击,多个安全节点连接成推进、补给或脱离交火的路线。,是,冲刺速度；节点间暴露时间；补给交互耗时,在推进和撤退之间选择,《战争机器》；《全境封锁》；《DOOM Eternal》,安全节点间距决定暴露成本；回退不能被单个触发器无提示永久封死。,关卡机制2.md #109 战斗逃生路线；关卡机制2.md #181 掩体链,,
LM-096,战斗空间与遭遇规则,可翻越障碍,动作；FPS；TPS；战术射击,低墙或障碍阻挡普通行走，但允许翻越改变交战位置。,是,翻越高度；动作时长；落地空间,权衡翻越后的暴露风险,《神秘海域》,动作锁定时间与敌方火力需要匹配；障碍两侧都要留够动作碰撞空间。,关卡机制2.md #110 可跳越障碍,,
LM-097,战斗空间与遭遇规则,移动载体战场,动作；FPS；TPS；战术射击,在电梯等移动平台上持续交战，场外环境或入口随运动变化。,是,移动空间；站立附着；击退与坠落规则,应对有限场地及变化的来敌方向,《DOOM》；《鬼泣》,移动应改变遭遇条件；需避免敌人、掉落物和玩家脱离载体后卡住流程。,关卡机制2.md #111 战斗电梯,,
LM-098,战斗空间与遭遇规则,清场封锁与战斗房,动作；FPS；TPS；战术射击,进入后封锁出口，满足清场或目标条件再开放。,条件依赖,关卡目标对应的战斗和交互能力,完成目标并确认剩余条件,《DOOM》；《命运》；《Hades》,应明确解除封锁的条件；需处理敌人卡位、目标越界和最后一只敌人难找。,关卡机制2.md #112 战斗封锁门；关卡机制2.md #257 战斗房,,
LM-099,战斗空间与遭遇规则,增援入口与遭遇波次,动作；FPS；TPS；战术射击,通过固定入口、触发区域或目标阶段投入敌人，改变空间压力。,条件依赖,与遭遇匹配的战斗能力；无独立移动技能门槛,判断入口和安全区变化,《求生之路》；《DOOM》；《使命召唤》,保留关卡的出入口和触发规则；增援应有空间来源，避免在已确认安全的贴身位置凭空出现。,关卡机制2.md #113 敌人刷新点；关卡机制2.md #114 敌人增援；关卡机制2.md #278 小怪阶段,,小怪阶段仅提取场地增援规则；不保留Boss阶段行为。
LM-100,战斗空间与遭遇规则,侧翼、绕后与多入口,动作；FPS；TPS；战术射击,替代路线连接敌侧、后方或多个基地入口，分散防守方向。,条件依赖,路线要求的移动能力；行程与暴露时间,权衡绕行成本和进攻角度,《半条命》；《Halo》；《杀手》；《星际争霸》,侧路需要独立代价和信息收益；所有路线等价会使空间选择失去意义。,关卡机制2.md #115 侧翼路线；关卡机制2.md #116 绕后路线；关卡机制2.md #206 多入口基地,,
LM-101,战斗空间与遭遇规则,狙击位与射击窗口,动作；FPS；TPS；战术射击,高位或狭小开口提供受限制但有价值的火力线。,条件依赖,射程；瞄准能力；站蹲高度,利用射界并监控侧后入口,《Halo》；《孤岛惊魂》,优势射界应伴随暴露或可接近路线；开口宽度须用实际瞄准和碰撞验证。,关卡机制2.md #117 高地狙击位；关卡机制2.md #183 狙击窗口；关卡机制1.md 窗口/射击孔,,
LM-102,战斗空间与遭遇规则,遮挡物与火力盲区,动作；FPS；TPS；战术射击,墙角、门和实体障碍中断视线或射线，形成局部安全空间。,条件依赖,碰撞与视线高度；武器穿透规则,读取遮挡边界并换位,《战争机器》；《Halo》；《彩虹六号：围攻》,视线遮挡不等于弹道安全；材质与穿透反馈应帮助玩家区分两者。,关卡机制2.md #118 火力盲区；关卡机制2.md #119 视觉切断；关卡机制2.md #135 视觉死角,,
LM-103,战斗空间与遭遇规则,可开洞墙体、门板与地板,动作；FPS；TPS；战术射击,破坏局部结构，新增水平或垂直视线及射击线路。,是,破坏工具；墙体材质；弹道与穿透规则,选择开孔位置并评估双方收益,《彩虹六号：围攻》,小孔可能同时暴露操作者；需考虑上下层的反制路线和承重结构边界。,关卡机制2.md #189 门射击；关卡机制2.md #190 墙体开洞；关卡机制2.md #191 可破坏地板,,
LM-104,战斗空间与遭遇规则,可变战场边界,动作；FPS；TPS；战术射击,机关或场景阶段使场地缩小、扩展，或开放新区域。,是,移动速度；可达路线；变化前的预警时间,提前选择新的落脚和周转空间,原文以魂类及Boss游戏概括，未给具体场景,仅保留实际几何或可通行范围变化；需保证变化后存在可行的应对空间。,关卡机制2.md #268 阶段转换；关卡机制2.md #272 Arena 缩小；关卡机制2.md #273 Arena 扩张,,出处需具体关卡核实；阶段转换本身不保留。
LM-105,战斗空间与遭遇规则,场景杀伤装置,动作；FPS；TPS；战术射击,操作场内陷阱或装置，影响敌人或改变交战条件。,条件依赖,装置交互条件；可能需要指定工具,引导目标进入作用范围并触发,《战神》；《塞尔达传说》,操作、诱导和结果应形成清楚因果；删除Boss弱点属性，仅保留环境装置的作用。,关卡机制2.md #271 环境弱点；关卡机制2.md #279 环境机关 Boss,,原文未给装置名称与具体战斗场景，待核实。
LM-106,潜行与信息空间,巡逻与观察窗口,潜行；恐怖；战术射击,岗哨位置及巡逻路径使通路在不同时刻暴露或安全。,条件依赖,移动速度；潜行速度；检测距离,观察巡逻并选择通过窗口,《合金装备》；《杀手》,将视锥和巡逻合并为具体通路约束；应有观察位置，避免开门即被不可见岗哨发现。,关卡机制2.md #121 敌人视锥；关卡机制2.md #134 巡逻路线,,
LM-107,潜行与信息空间,明暗潜行区域,潜行；恐怖；战术射击,环境照度影响被发现程度，熄灯或换位可改变安全通路。,条件依赖,明暗检测规则；可选熄灯工具,选择阴影路线并控制暴露时长,《细胞分裂》,阴影必须与检测结果一致；装饰性暗处不能让玩家误判为隐蔽。,关卡机制2.md #122 光照隐身,,
LM-108,潜行与信息空间,噪声地面与空间声学,潜行；恐怖；战术射击,脚步材质、隔墙和距离影响声音传播，使路线具有不同暴露成本。,条件依赖,潜行速度；脚步噪声；声音遮挡规则,选择安静路面并判断隔墙动静,《合金装备》；《彩虹六号》；《异形：隔离》,只保留声音与场景的关联；需让可见材质、门状态与传播规则保持一致。,关卡机制2.md #123 声音传播；关卡机制2.md #192 声音传播；关卡机制2.md #232 敌人听觉,,
LM-109,潜行与信息空间,可触发声源与诱导装置,潜行；恐怖；战术射击,场景声源被操作后吸引注意或给出目标方向，改变通过机会。,条件依赖,声源交互或远程触发能力,选择触发位置、时机和通过路线,《杀手》；《耻辱》,保留场景装置；投掷技能本身不单列，诱导结果应可观察且有持续时间。,关卡机制2.md #124 噪声制造；关卡机制2.md #238 声音诱导,,原文声音诱导未给具体场景，沿用噪声制造相关作品示例。
LM-110,潜行与信息空间,藏身柜与隐蔽容器,潜行；恐怖；战术射击,进入柜体等预设空间躲避搜索，或存放会触发发现的物体。,条件依赖,进入或搬运交互；藏身检测规则,权衡进入时机、视野损失和退出风险,《逃生》；《杀手》；《耻辱》,藏身处不能自动等于绝对安全；搜索及退出规则应一致且能被玩家理解。,关卡机制2.md #125 尸体隐藏；关卡机制2.md #233 躲藏柜,,保留藏身与藏匿的场景容器；搬尸动作本身不单列。
LM-111,潜行与信息空间,摄像头与监控覆盖,潜行；恐怖；战术射击,固定或转动摄像头监测区域，可绕过、关闭或破坏。,条件依赖,监控关闭权限或破坏工具；也可无工具绕行,识别覆盖区和转动周期,《合金装备》；《看门狗》,摄像头的视野和警报去向应清楚；可关闭与仅可破坏的设备需区分。,关卡机制2.md #129 摄像头,,
LM-112,潜行与信息空间,激光绊线与报警门禁,潜行；恐怖；战术射击,跨越指定检测线或区域触发警报，可关闭或绕过。,条件依赖,跳跃、蹲伏或拆除能力；检测体积,识别安全间隙和关闭装置,《合金装备》,报警线应与伤害光束有不同语言；薄线判定也要考虑完整角色碰撞。,关卡机制2.md #130 激光报警器,,
LM-113,潜行与信息空间,区域警报与封锁状态,潜行；恐怖；战术射击,触发警报后改变门禁、增援入口或区域通行条件，可通过装置解除。,条件依赖,解除警报的交互条件；警戒状态,选择撤离路线或关闭警报,《合金装备》；《杀手》,保留关卡级状态变化；敌人搜索与记忆不单列，状态升级应有可理解反馈。,关卡机制2.md #131 警报系统,,
LM-114,潜行与信息空间,动态遮蔽与烟幕区域,潜行；恐怖；战术射击,临时遮蔽区中断观察，短时间改变信息和通过路线。,条件依赖,场景烟源或烟幕工具；持续时间,在遮蔽结束前通过并防备反向接近,《战地》；《彩虹六号：围攻》,仅作为空间遮蔽规则保留；烟雾遮视但不一定挡弹，需避免错误安全预期。,关卡机制2.md #119 视觉切断；关卡机制2.md #187 烟雾；关卡机制2.md #188 烟雾穿越,,
LM-115,潜行与信息空间,回访后的路线变化,潜行；恐怖；战术射击,触发事件后改变熟悉区域的门、墙或可通行连接。,无,事件与场景状态,重新核对空间记忆和出口,原文仅称恐怖游戏，未给具体作品,变化应有可辨别的新线索；避免只靠打乱方向让玩家无目标兜圈。,关卡机制2.md #236 路线变化,,原文例子不足，待核实；纯回头惊吓与灯光演出不纳入。
LM-116,资源节点与关卡目标,资源补给点与稀缺路线,跨类型；生存恐怖；开放世界；Roguelite,弹药、治疗或其他补给分布在不同风险节点，影响探索和撤退。,条件依赖,携带上限；消耗速度；补给使用耗时,估算路线成本并选择补给顺序,《生化危机》；《DOOM》；《黑暗之魂》,保留资源的空间分布；物品治疗数值和经济循环本身不列为关卡机制。,关卡机制2.md #157 弹药不足；关卡机制2.md #158 血包稀缺；关卡机制2.md #159 治疗资源；关卡机制2.md #166 资源回收,,
LM-117,资源节点与关卡目标,照明补给与光源间隔,跨类型；生存恐怖；开放世界；Roguelite,有限照明资源与可补充节点决定黑暗路线的探索半径。,条件依赖,光源持续时间；照明范围；移动速度,规划补充、折返与搜索顺序,《黑暗之魂》；《逃生》,资源压力要与路程相匹配；关键线索不应在电量耗尽后永久不可辨认。,关卡机制2.md #160 火把数量；关卡机制2.md #228 手电电量；关卡机制1.md 黑暗/视野限制,,原文《黑暗之魂》火把数量未给版本；不沿用数量普遍受限的说法。
LM-118,资源节点与关卡目标,氧气限制与换气节点,跨类型；生存恐怖；开放世界；Roguelite,水下或缺氧路线受供氧时长限制，气源节点延长可探索范围。,是,氧气容量；耗氧速度；游速或移动速度,计算往返距离并寻找下一气源,《深海迷航》,要把回程纳入安全预算；气源位置应支持逐步深入，避免初见就被迫盲赌。,关卡机制2.md #161 氧气,,原文《密特罗德》氧气说法未明确版本，未采用。
LM-119,资源节点与关卡目标,载具补能与运输路网,跨类型；生存恐怖；开放世界；Roguelite,能源消耗和充电节点限制可行运输路线，路面与负重进一步影响成本。,是,车辆电量或燃料；续航；载重；地形适应性,安排补能顺序和绕行路线,《死亡搁浅》；《死亡搁浅2》,保留补能节点和地形的空间关系；车辆属性本身不列为独立机关。,关卡机制2.md #163 车辆燃料；关卡机制2.md #164 装备重量,,原文车辆燃料表述泛化；应按具体载具区分电量和燃料。
LM-120,资源节点与关卡目标,安全室与恢复节点,跨类型；生存恐怖；开放世界；Roguelite,特定地点提供相对安全、整理物资或恢复状态的机会。,无,进入条件；场景内安全规则,在继续探索和返回整备之间选择,《生化危机》；《黑暗之魂》,间距控制一次探索的压力长度；是否绝对安全须由具体作品规则决定。,关卡机制2.md #168 安全区；关卡机制2.md #229 安全室；关卡机制2.md #261 恢复房,,
LM-121,资源节点与关卡目标,检查点与重生节点,跨类型；生存恐怖；开放世界；Roguelite,在指定地点记录进度或重生位置，定义失败后的重试起点。,无,激活与保存条件,选择推进节奏并识别激活状态,跨类型常见；原文未限定作品,检查点到挑战的距离决定失败成本；应避免存入无资源或立即必死的状态。,关卡机制1.md 检查点/存档点,,
LM-122,资源节点与关卡目标,休息点与区域重置,跨类型；生存恐怖；开放世界；Roguelite,在特定节点休息后恢复资源，同时重置部分区域敌人或状态。,无,休息触发与重置白名单,比较恢复收益与回程遭遇成本,《黑暗之魂》系列,重置范围要一致且可预测；原文所有敌人都会重置的说法应修正。,关卡机制1.md 重置机制（坐火）,,通常为可重生的普通敌人；Boss及部分特殊对象并非全部重置。
LM-123,资源节点与关卡目标,奖励容器与可破坏藏物,跨类型；生存恐怖；开放世界；Roguelite,宝箱或可破坏容器把奖励放入可搜索、可交互的场景目标。,条件依赖,开箱、攻击或指定工具,识别可交互物并判断探索价值,原文仅称几乎所有游戏,容器语言要稳定；过多无价值容器会把探索变成机械逐个检查。,关卡机制2.md #259 宝箱房；关卡机制1.md 宝箱/可破坏物,,原文未给可直接对应的具体作品，待补。
LM-124,资源节点与关卡目标,限时通行与目标挑战,跨类型；生存恐怖；开放世界；Roguelite,在时限内抵达、收集或操作指定目标，成功后开放路线或奖励。,是,移动和交互效率；具体目标能力,规划顺序并减少无效折返,《原神》；《超级马里奥》,不同目标应显示剩余进度；重试流程需短，时限应基于可复现的实际路径。,关卡机制2.md #264 限时房；关卡机制1.md 计时挑战,,
LM-125,资源节点与关卡目标,风险奖励分支,跨类型；生存恐怖；开放世界；Roguelite,分支入口提示挑战或收益差异，由玩家选择后续路线。,条件依赖,各分支自身的战斗、移动或资源门槛,比较收益与当前状态,《Hades》；《陷阵之志》,入口信息决定选择是否有意义；风险提示应帮助玩家判断，而非泄露全部内容。,关卡机制2.md #258 精英房；关卡机制2.md #262 分支路线；关卡机制1.md 分支关卡,,
LM-126,资源节点与关卡目标,商店与交换节点,跨类型；生存恐怖；开放世界；Roguelite,在特定地点用资源交换补给，改变后续路线的可承受成本。,无,可用货币或交换资源,决定消费时机与后续路线,原文仅称Roguelike，未指定作品,保留商店作为路径节点；定价、掉落与成长系统不扩展为独立条目。,关卡机制2.md #260 商店房,,具体作品及场景待核实。
LM-127,资源节点与关卡目标,诅咒与代价房间,跨类型；生存恐怖；开放世界；Roguelite,进入、离开或领取奖励附带房间级代价，由玩家主动决定是否承担。,条件依赖,房间代价规则；当前资源和规避能力,比较收益与进入或退出成本,原文仅称Roguelike，未指定作品,进入前应能识别代价种类；不要把常驻角色负面属性本身列为关卡机制。,关卡机制2.md #265 诅咒房,,具体作品及代价规则待核实。
LM-128,资源节点与关卡目标,阵营重生点与动态出生区,跨类型；生存恐怖；开放世界；Roguelite,地图节点决定队伍重新进入战场的位置，部分规则随区域控制变化。,无,队伍状态；出生点选择规则,控制出口并选择返回前线的路线,《使命召唤》；FPS类,出生点应有缓冲和多个出口；动态选择需避免视线内复活和持续堵出生点。,关卡机制2.md #193 复活点；关卡机制2.md #194 动态重生点,,原文未给具体动态重生算法，不作算法推断。
LM-129,多人合作机关,多人同步机关,合作解谜；合作动作；合作生存,需要多个玩家同时站位或输入，才能使门或装置生效。,条件依赖,人数；移动速度；触发容差,沟通倒数并保持同步,《双人成行》,容差要覆盖联机延迟和沟通误差；同步成功应让每名参与者都获得反馈。,关卡机制2.md #169 双人同时踩板,,
LM-130,多人合作机关,一人维持、一人通过,合作解谜；合作动作；合作生存,一名玩家持续操纵机关，为另一人暂时保持安全通路。,条件依赖,持续交互；通过者所需移动能力,交换角色并安排维持时长,《Portal 2》合作模式,两侧玩家都应有任务；需处理维持者最后如何通过，防止永久留人。,关卡机制2.md #170 一人开门、一人通过,,
LM-131,多人合作机关,多人共同搬运,合作解谜；合作动作；合作生存,物体移动需要多个玩家协调抓点、方向或节奏。,条件依赖,人数；抓取距离；物体碰撞和移动速度,协商路径并协调转弯,原文仅称合作类游戏,搬运路线应提供能体现协作的转角和间隙；失败后要容易重新抓取。,关卡机制2.md #172 双人搬运,,删除原文《死亡搁浅》作为同步双人搬运的例子；具体合作作品待补。
LM-132,多人合作机关,分路协作与交叉支援,合作解谜；合作动作；合作生存,队员进入不同路线，通过跨区机关互相开放通路并最终汇合。,条件依赖,两侧各自的能力；联动机关条件,沟通状态和切换操作顺序,《Portal 2》；《双人成行》,每条路线都需持续参与感；关键信息和状态反馈必须能跨区传达。,关卡机制2.md #175 分路,,
LM-133,多人合作机关,信息分离机关,合作解谜；合作动作；合作生存,操作方与掌握规则的一方看到不同信息，必须交流才能解除装置。,无,分屏或独立信息界面；装置交互,准确描述信息并核对指令,《Keep Talking and Nobody Explodes》,难点应来自有组织的沟通；颜色、术语和方位要避免非设计性的歧义。,关卡机制2.md #176 信息分离,,
LM-134,多人合作机关,合作连锁装置,合作解谜；合作动作；合作生存,一人的操作生成另一人的下一步条件，按顺序共同完成通路。,条件依赖,角色对应的机关交互能力,交接任务并确认前置状态,《双人成行》,将角色差异落到具体装置；失败应能从合理节点重试，避免全队长距离返工。,关卡机制2.md #177 角色能力互补；关卡机制2.md #179 连锁操作,,原文角色互补例子较泛，采用连锁装置条目的《双人成行》。
LM-135,多人合作机关,集合撤离目标,合作解谜；合作动作；合作生存,完成前置目标后队伍需到达撤离位置，并应对抵达前后的空间压力。,条件依赖,团队人数条件；移动与防守能力,分配掩护并协调到达时间,《求生之路》,明确何时可撤、谁必须到位；目标区的入口和等待空间决定最后阶段压力。,关卡机制2.md #180 团队撤离,,
LM-136,策略与战棋地图规则,地形移动与防御修正,RTS；战棋；策略,格子或区域材质改变单位通过成本、防御或可用动作。,是,单位移动类型；移动点；地形适应规则,选择站位并估算行动范围,《火焰纹章》；《三国志曹操传》,依赖的是单位性能而非玩家反应；地形收益必须能在选择路线前读取。,关卡机制1.md 地形系统,,
LM-137,策略与战棋地图规则,高地视野与优势位置,RTS；战棋；策略,高度按游戏规则影响观察或交战，高地入口决定接近方式。,是,单位视野；射程；高低地规则,控制入口并获取高处信息,《星际争霸》,不要默认所有作品都有同一种命中加成；应以实际视野和攻击规则布图。,关卡机制2.md #195 高地；关卡机制2.md #202 可占领高地,,
LM-138,策略与战棋地图规则,河流、桥口与渡运,RTS；战棋；策略,水体分隔区域，桥梁、浅滩或运输单位限定跨区通路。,是,陆海空移动类型；涉水或运输能力,争夺渡口并分配运输,《帝国时代》,少量渡口强化方向控制；应为不同单位验证可达路线与寻路成本。,关卡机制2.md #198 河流,,
LM-139,策略与战棋地图规则,植被与地图视野阻挡,RTS；战棋；策略,地图植被或特定地形阻断观察，形成可侦察、可埋伏的区域。,条件依赖,单位视野与侦察能力；阻挡规则,决定探路方向和信息覆盖,《星际争霸II》,视觉遮挡规则需与地形外观一致；不能把所有森林默认视为可隐蔽区域。,关卡机制2.md #199 森林；关卡机制2.md #200 视野阻挡,,
LM-140,策略与战棋地图规则,战争迷雾与侦察区域,RTS；战棋；策略,尚未观察或已失去观察的区域隐藏实时信息，迫使玩家持续侦察。,是,单位视野；侦察范围与机动性,安排视野覆盖并推断未知区域,《星际争霸》；《全面战争》,保留地图信息规则；地形入口与侦察成本决定信息差是否可被合理利用。,关卡机制2.md #201 战争迷雾,,
LM-141,策略与战棋地图规则,资源点与扩张位置,RTS；战棋；策略,资源集中在特定地点，采集和扩张把收益与区域风险绑定。,是,采集、运输与建造能力；移动效率,比较距离、防守成本和资源收益,RTS与生存类；原文未限定具体作品,位置应形成可比较的扩张选择；资源数量和可防守性需一起考虑。,关卡机制2.md #203 资源点；关卡机制2.md #204 扩张点；关卡机制2.md #226 资源节点,,原文示例为类型级，具体作品待补。
LM-142,策略与战棋地图规则,地图中立据点与巢穴,RTS；战棋；策略,固定区域持续提供威胁或收益，玩家可绕行、清除或争夺。,条件依赖,队伍战斗能力；区域触发与刷新规则,决定接触时机和投入规模,RTS与生存类；原文未限定具体作品,保留据点的位置和进出路线；中立生物的技能、成长或生态AI不单列。,关卡机制2.md #207 中立单位；关卡机制2.md #220 生物巢穴,,原文示例为类型级，具体作品待补。
LM-143,策略与战棋地图规则,占领与控制点,RTS；战棋；策略,单位进入并满足占领条件后获得持续收益或推进关卡目标。,条件依赖,单位可达性；占领人数与时间规则,分配守点、转点和干扰任务,RTS类；原文未给具体作品,占领区需有多种接近方向；收益与到达时间决定是否出现唯一必争点。,关卡机制2.md #209 中央控制点,,具体作品和控制点规则待核实。
LM-144,策略与战棋地图规则,侦察塔,RTS；战棋；策略,占据地图装置后获得周围视野，离开或失守则丧失信息优势。,条件依赖,单位可达性；占据条件,权衡驻守成本和视野收益,《星际争霸II》萨尔纳加瞭望塔,视野覆盖要覆盖有价值路线；占领过程应允许双方争夺和反侦察。,关卡机制2.md #210 侦察塔,https://news.blizzard.com/en-us/article/273067/reconnaissance-report-scrap-station,
LM-145,策略与战棋地图规则,地图天气与行动限制,RTS；战棋；策略,关卡天气改变地形通过、视野或可执行行动。,是,单位移动类型；天气适应与行动规则,据天气重新安排回合行动,《三国志曹操传》,仅保留改变地图决策的天气规则；具体加成和技能限制需按版本确认。,关卡机制1.md 天气系统,,
LM-146,建造与持久空间变化,可建造障碍与通路,沙盒；生存；开放世界,在允许位置搭建墙、台阶等结构，改变可达性和防守路线。,条件依赖,建造工具；材料；尺寸与放置规则,选择结构和位置并保持通路,《Minecraft》；《Rust》,提取建筑对通行的具体作用；需检查封死关键入口、堆叠越界等情况。,关卡机制2.md #211 可建造建筑,,
LM-147,建造与持久空间变化,可建造道路与轨道,沙盒；生存；开放世界,建设连续交通设施，降低后续运输成本并连接远处节点。,条件依赖,材料、建造权限；车辆或运输设施规则,组织线路和接入点,《死亡搁浅》；《死亡搁浅2》,收益取决于真实运输需求；路网应服务地形和节点，而非只增加移动速度。,关卡机制2.md #212 玩家道路；关卡机制2.md #214 玩家轨道,,
LM-148,建造与持久空间变化,可建造桥梁,沙盒；生存；开放世界,跨越河流或裂口建立永久或长期连接，替代绕行路线。,条件依赖,建造材料；跨度与地形限制,选择桥位和两端接入路线,《死亡搁浅》,桥位价值来自缩短实际路线；两端坡度、转弯和载具宽度都影响能否使用。,关卡机制2.md #213 桥梁,,
LM-149,建造与持久空间变化,可搭建逻辑电路,沙盒；生存；开放世界,连接开关、电源、导线与执行器，构造门禁或联动机关。,条件依赖,建造与布线权限；组件供给,组织逻辑关系并排查信号状态,《Minecraft》红石；《Rust》电力装置,保留可交互的电路装置；布线状态和执行结果应能被直接观察与调试。,关卡机制2.md #215 红石机关；关卡机制2.md #219 电网,,
LM-150,建造与持久空间变化,玩家布设陷阱,沙盒；生存；开放世界,在场地布置触发器和杀伤装置，改变后续通行风险。,条件依赖,布设工具与材料；触发条件,选择覆盖位置并避免阻断己方路线,《Minecraft》；《Rust》,机制核心是布点后对通路的影响；须明确敌我识别、回收和误触规则。,关卡机制2.md #218 陷阱,,
LM-151,建造与持久空间变化,持久性地图解锁,沙盒；生存；开放世界,开通桥门或设施后，该连接在后续访问或后续局次保留。,条件依赖,前置关卡目标；持久状态保存,辨认永久变化并重规划路线,原文仅称Roguelite，未给具体作品,仅保留地图连接状态；永久属性成长与解锁数值不属于本条。,关卡机制2.md #266 地图永久变化,,具体作品与持久范围待核实。
LM-152,赛车与载具赛道,弯道与发夹弯,赛车；竞速；载具关卡,弯曲半径限制入弯速度和行驶线，急弯要求明显制动或转向。,是,车辆转向；抓地力；制动距离；漂移规则,选择刹车点和出弯路线,《Forza》；《Gran Turismo》,同一弯道对不同车辆难度不同；赛道需按目标车速测试视距和容错带。,关卡机制2.md #239 弯道；关卡机制2.md #240 发夹弯,,
LM-153,赛车与载具赛道,上下坡赛段,赛车；竞速；载具关卡,坡度改变车速与前方可见范围，坡顶可能遮住后续路线。,是,动力；重力响应；制动能力；悬挂,管理车速并预判坡后道路,原文仅称赛车游戏,坡度不只是视觉变化；坡顶后障碍应给足必要视距，避免无法预见的碰撞。,关卡机制2.md #241 上坡；关卡机制2.md #242 下坡,,具体作品及赛段待补。
LM-154,赛车与载具赛道,跳台与跨缺口赛段,赛车；竞速；载具关卡,赛道坡台将车辆抛向空中，越过缺口后需落入有效路面。,是,入台速度；起跳角；空中控制；落地稳定性,控制入台路线和落地姿态,《Trackmania》,助跑长度、跳台角和落地区域应作为整体调整；失误后需有清楚的复位点。,关卡机制2.md #243 跳台；关卡机制2.md #248 断桥,,断桥按缺口赛段处理，原文未给独立实例。
LM-155,赛车与载具赛道,特殊路面与积水,赛车；竞速；载具关卡,泥、沙或积水改变阻力、抓地或稳定性，重估路线成本。,是,轮胎抓地；车辆涉水和阻力规则,提前减速并保持车身稳定,原文仅称赛车游戏,需要按实际物理模型区分湿滑、减速和失稳；不能把所有地表统一为减速区。,关卡机制2.md #245 泥地；关卡机制2.md #246 沙地；关卡机制2.md #247 水坑,,具体作品及赛段待补。
LM-156,赛车与载具赛道,加速带与能量补充区,赛车；竞速；载具关卡,车辆经过区域获得即时加速或补充可用加速资源。,是,基础速度；加速幅度；操控性能,选择进入角度并控制加速后的路线,原文仅称赛车游戏,加速带和补充氮气是不同变体；应留出读路距离，避免加速后立即无解撞墙。,关卡机制2.md #249 氮气区,,原文氮气区未给作品，具体实现待核实。
LM-157,赛车与载具赛道,赛道分叉与高风险捷径,赛车；竞速；载具关卡,路线在节点分开，以长度、操作难度或资源收益形成选择。,是,车辆性能；分支入口速度；通过条件,比较收益并提前选线,《索尼克赛车》系列,捷径收益要对应可读风险；分支提示必须早于车辆不可转向的位置。,关卡机制2.md #244 急弯捷径；关卡机制2.md #252 赛道分叉；关卡机制1.md 分支赛道,,
LM-158,赛车与载具赛道,动态变形赛道,赛车；竞速；载具关卡,比赛过程中桥、路面或区域状态改变，开放或关闭部分路线。,是,载具移动模式；路线变化后的通过能力,识别当前圈次或场景状态并改线,《马里奥赛车》；《索尼克赛车》系列,变化要有提前信号；赛车形态与路面变化需明确区分，不能统称传送门。,关卡机制2.md #253 动态赛道；关卡机制1.md 赛道变形/传送门,,《索尼克赛车》具体变形作品版本需核实；修正原文把形态变化和传送门混写的问题。
LM-159,赛车与载具赛道,赛道路障与移动障碍,赛车；竞速；载具关卡,静态障碍或周期移动物压缩车道，迫使绕行或调整速度。,是,车辆宽度；转向；刹车距离,观察空隙并规划绕行线,《马里奥赛车》,障碍间距应匹配目标车速；初见也要有可反应的视距和安全出口。,关卡机制2.md #251 路障；关卡机制2.md #254 环境障碍,,
LM-160,赛车与载具赛道,赛道检查点与复位门,赛车；竞速；载具关卡,按顺序通过检查区域才计入有效进度，失误后按规则复位。,是,车辆尺寸与速度；触发宽度,保持合法路线并完成检查顺序,赛车类；原文未限定具体作品,进度检查和复位点可分开设计；需防止误漏判定、倒向复位和连续重复跌落。,关卡机制1.md 检查点,,
LM-161,三消与棋盘机关,多层阻挡格,三消；休闲；棋盘解谜,障碍需要多次有效消除才能解除，限制棋盘交换或掉落。,不适用,无玩家角色；依赖消除范围与障碍层数,选择打开空间的先后顺序,《Candy Crush》,层数应有清晰反馈；障碍布局要形成路线选择，避免只堆耐久拖长关卡。,关卡机制1.md 多层障碍,,
LM-162,三消与棋盘机关,指定颜色解锁障碍,三消；休闲；棋盘解谜,只有对应颜色的有效匹配才能削弱、变色或清除障碍。,不适用,无玩家角色；依赖颜色与匹配规则,安排颜色资源和消除位置,原文仅称三消游戏,目标颜色应有替代视觉编码；需核对棋子生成是否允许关卡达成目标。,关卡机制1.md 变色障碍,,原文未区分障碍变色和颜色限制，本条保留可明确描述的颜色解锁规则。
LM-163,三消与棋盘机关,移动目标与移动障碍,三消；休闲；棋盘解谜,目标或阻挡物按回合、触发条件或既定路径换位。,不适用,无玩家角色；依赖棋盘回合和目标移动规则,预判下一位置并准备匹配,原文仅称三消游戏,应让移动规则可学习；完全不可预测的位移会削弱规划的价值。,关卡机制1.md 移动障碍,,具体作品与移动规则待核实。
LM-164,三消与棋盘机关,棋盘传送带与行列平移,三消；休闲；棋盘解谜,每回合或触发后，棋子沿路径运输或整行整列移动。,不适用,无玩家角色；依赖掉落、平移和结算顺序,预判移动后的邻接关系,原文仅称三消游戏,必须固定交换、消除、运输的结算顺序；动画要帮助玩家跟踪关键棋子。,关卡机制1.md 水流/平移,,原文线索平移语义不清，按棋子位置改变整理；具体作品待核实。
